ID,"Class"
750,Wilson
751,Wilson
752,Wilson
753,Wilson
754,Wilson
755,Wilson
756,Wilson
757,Wilson
758,Wilson
759,Wilson
760,Wilson
761,Wilson
762,Wilson
763,Wilson
764,Wilson
765,Wilson
766,Wilson
767,Wilson
768,Wilson
769,Wilson
770,Wilson
771,Wilson
772,Wilson
773,Wilson
774,Wilson
775,Wilson
776,Wilson
777,Wilson
778,Wilson
779,Wilson
780,Wilson
781,Wilson
782,Wilson
783,Wilson
784,Wilson
785,Wilson
786,Wilson
787,Wilson
788,Wilson
789,Wilson
790,Wilson
791,Wilson
792,Wilson
793,Wilson
794,Wilson
795,Wilson
796,Wilson
797,Wilson
798,Wilson
799,Wilson
800,Wilson
801,Wilson
802,Wilson
803,Wilson
804,Wilson
805,Wilson
806,Wilson
807,Wilson
808,Wilson
809,Wilson
810,Wilson
811,Wilson
812,Wilson
813,Wilson
814,Wilson
815,Wilson
816,Wilson
817,Wilson
818,Wilson
819,Wilson
820,Wilson
821,Wilson
822,Wilson
823,Wilson
824,Wilson
825,Wilson
826,Wilson
827,Wilson
828,Wilson
829,Wilson
830,Wilson
831,Wilson
832,Wilson
833,Wilson
834,Wilson
835,Wilson
836,Wilson
837,Wilson
838,Wilson
839,Wilson
840,Wilson
841,Wilson
842,Wilson
843,Wilson
844,Wilson
845,Wilson
846,Wilson
847,Wilson
848,Wilson
849,Wilson
850,Wilson
851,Wilson
852,Wilson
853,Wilson
854,Wilson
855,Wilson
856,Wilson
857,Wilson
858,Wilson
859,Wilson
860,Wilson
861,Wilson
862,Wilson
863,Wilson
864,Wilson
865,Wilson
866,Wilson
867,Wilson
868,Wilson
869,Wilson
870,Wilson
871,Wilson
872,Wilson
873,Wilson
874,Wilson
875,Wilson
876,Wilson
877,Wilson
878,Wilson
879,Wilson
880,Wilson
881,Wilson
882,Wilson
883,Wilson
884,Wilson
885,Wilson
886,Wilson
887,Wilson
888,Wilson
889,Wilson
890,Wilson
891,Wilson
892,Wilson
893,Wilson
894,Wilson
895,Wilson
896,Wilson
897,Wilson
898,Wilson
899,Wilson
900,Wilson
901,Wilson
902,Wilson
903,Wilson
904,Wilson
905,Wilson
906,Wilson
907,Wilson
908,Wilson
909,Wilson
910,Wilson
911,Wilson
912,Wilson
913,Wilson
914,Wilson
915,Wilson
916,Wilson
917,Wilson
918,Wilson
919,Wilson
920,Wilson
921,Wilson
922,Wilson
923,Wilson
924,Wilson
925,Wilson
926,Wilson
927,Wilson
928,Wilson
929,Wilson
930,Wilson
931,Wilson
932,Wilson
933,Wilson
934,Wilson
935,Wilson
936,Wilson
937,Wilson
938,Wilson
939,Wilson
940,Wilson
941,Wilson
942,Wilson
943,Wilson
944,Wilson
945,Wilson
946,Wilson
947,Wilson
948,Wilson
949,Wilson
950,Wilson
951,Wilson
952,Wilson
953,Wilson
954,Wilson
955,Wilson
956,Wilson
957,Wilson
958,Wilson
959,Wilson
960,Wilson
961,Wilson
962,Wilson
963,Wilson
964,Wilson
965,Wilson
966,Wilson
967,Wilson
968,Wilson
969,Wilson
970,Wilson
971,Wilson
972,Wilson
973,Wilson
974,Wilson
975,Wilson
976,Wilson
977,Wilson
978,Wilson
979,Wilson
980,Wilson
981,Wilson
982,Wilson
983,Wilson
984,Wilson
985,Wilson
986,Wilson
987,Wilson
988,Wilson
989,Wilson
990,Wilson
991,Wilson
992,Wilson
993,Wilson
994,Wilson
995,Wilson
996,Wilson
997,Wilson
998,Wilson
999,Wilson
1000,Wilson
1001,Wilson
1002,Wilson
1003,Wilson
1004,Wilson
1005,Wilson
1006,Wilson
1007,Wilson
1008,Wilson
1009,Wilson
1010,Wilson
1011,Wilson
1012,Wilson
1013,Wilson
1014,Wilson
1015,Wilson
1016,Wilson
1017,Wilson
1018,Wilson
1019,Wilson
1020,Wilson
1021,Wilson
1022,Wilson
1023,Wilson
1024,Wilson
1025,Wilson
1026,Wilson
1027,Wilson
1028,Wilson
1029,Wilson
1030,Wilson
1031,Wilson
1032,Wilson
1033,Wilson
1034,Wilson
1035,Wilson
1036,Wilson
1037,Wilson
1038,Wilson
1039,Wilson
1040,Wilson
1041,Wilson
1042,Wilson
1043,Wilson
1044,Wilson
1045,Wilson
1046,Wilson
1047,Wilson
1048,Wilson
1049,Wilson
1050,Wilson
1051,Wilson
1052,Wilson
1053,Wilson
1054,Wilson
1055,Wilson
1056,Wilson
1057,Wilson
1058,Wilson
1059,Wilson
1060,Wilson
1061,Wilson
1062,Wilson
1063,Wilson
1064,Wilson
1065,Wilson
1066,Wilson
1067,Wilson
1068,Wilson
1069,Wilson
1070,Wilson
1071,Wilson
1072,Wilson
1073,Wilson
1074,Wilson
1075,Wilson
1076,Wilson
1077,Wilson
1078,Wilson
1079,Wilson
1080,Wilson
1081,Wilson
1082,Wilson
1083,Wilson
1084,Wilson
1085,Wilson
1086,Wilson
1087,Wilson
1088,Wilson
1089,Wilson
1090,Wilson
1091,Wilson
1092,Wilson
1093,Wilson
1094,Wilson
1095,Wilson
1096,Wilson
1097,Wilson
1098,Wilson
1099,Wilson
1100,Wilson
1101,Wilson
1102,Wilson
1103,Wilson
1104,Wilson
1105,Wilson
1106,Wilson
1107,Wilson
1108,Wilson
1109,Wilson
1110,Wilson
1111,Wilson
1112,Wilson
1113,Wilson
1114,Wilson
1115,Wilson
1116,Wilson
1117,Wilson
1118,Wilson
1119,Wilson
1120,Wilson
1121,Wilson
1122,Wilson
1123,Wilson
1124,Wilson
1125,Wilson
1126,Wilson
1127,Wilson
1128,Wilson
1129,Wilson
1130,Wilson
1131,Wilson
1132,Wilson
1133,Wilson
1134,Wilson
1135,Wilson
1136,Wilson
1137,Wilson
1138,Wilson
1139,Wilson
1140,Wilson
1141,Wilson
1142,Wilson
1143,Wilson
1144,Wilson
1145,Wilson
1146,Wilson
1147,Wilson
1148,Wilson
1149,Wilson
1150,Wilson
1151,Wilson
1152,Wilson
1153,Wilson
1154,Wilson
1155,Wilson
1156,Wilson
1157,Wilson
1158,Wilson
1159,Wilson
1160,Wilson
1161,Wilson
1162,Wilson
1163,Wilson
1164,Wilson
1165,Wilson
1166,Wilson
1167,Wilson
1168,Wilson
1169,Wilson
1170,Wilson
1171,Wilson
1172,Wilson
1173,Wilson
1174,Wilson
1175,Wilson
1176,Wilson
1177,Wilson
1178,Wilson
1179,Wilson
1180,Wilson
1181,Wilson
1182,Wilson
1183,Wilson
1184,Wilson
1185,Wilson
1186,Wilson
1187,Wilson
1188,Wilson
1189,Wilson
1190,Wilson
1191,Wilson
1192,Wilson
1193,Wilson
1194,Wilson
1195,Wilson
1196,Wilson
1197,Wilson
1198,Wilson
1199,Wilson
1200,Wilson
1201,Wilson
1202,Wilson
1203,Wilson
1204,Wilson
1205,Wilson
1206,Wilson
1207,Wilson
1208,Wilson
1209,Wilson
1210,Wilson
1211,Wilson
1212,Wilson
1213,Wilson
1214,Wilson
1215,Wilson
1216,Wilson
1217,Wilson
1218,Wilson
1219,Wilson
1220,Wilson
1221,Wilson
1222,Wilson
1223,Wilson
1224,Wilson
1225,Wilson
1226,Wilson
1227,Wilson
1228,Wilson
1229,Wilson
1230,Wilson
1231,Wilson
1232,Wilson
1233,Wilson
1234,Wilson
1235,Wilson
1236,Wilson
1237,Wilson
1238,Wilson
1239,Wilson
1240,Wilson
1241,Wilson
1242,Wilson
1243,Wilson
1244,Wilson
1245,Wilson
1246,Wilson
1247,Wilson
1248,Wilson
1249,Wilson
1250,Wilson
1251,Wilson
1252,Wilson
1253,Wilson
1254,Wilson
1255,Wilson
1256,Wilson
1257,Wilson
1258,Wilson
1259,Wilson
1260,Wilson
1261,Wilson
1262,Wilson
1263,Wilson
1264,Wilson
1265,Wilson
1266,Wilson
1267,Wilson
1268,Wilson
1269,Wilson
1270,Wilson
1271,Wilson
1272,Wilson
1273,Wilson
1274,Wilson
1275,Wilson
1276,Wilson
1277,Wilson
1278,Wilson
1279,Wilson
1280,Wilson
1281,Wilson
1282,Wilson
1283,Wilson
1284,Wilson
1285,Wilson
1286,Wilson
1287,Wilson
1288,Wilson
1289,Wilson
1290,Wilson
1291,Wilson
1292,Wilson
1293,Wilson
1294,Wilson
1295,Wilson
1296,Wilson
1297,Wilson
1298,Wilson
1299,Wilson
1300,Wilson
1301,Wilson
1302,Wilson
1303,Wilson
1304,Wilson
1305,Wilson
1306,Wilson
1307,Wilson
1308,Wilson
1309,Wilson
1310,Wilson
1311,Wilson
1312,Wilson
1313,Wilson
1314,Wilson
1315,Wilson
1316,Wilson
1317,Wilson
1318,Wilson
1319,Wilson
1320,Wilson
1321,Wilson
1322,Wilson
1323,Wilson
1324,Wilson
1325,Wilson
1326,Wilson
1327,Wilson
1328,Wilson
1329,Wilson
1330,Wilson
1331,Wilson
1332,Wilson
1333,Wilson
1334,Wilson
1335,Wilson
1336,Wilson
1337,Wilson
1338,Wilson
1339,Wilson
1340,Wilson
1341,Wilson
1342,Wilson
1343,Wilson
1344,Wilson
1345,Wilson
1346,Wilson
1347,Wilson
1348,Wilson
1349,Wilson
1350,Wilson
1351,Wilson
1352,Wilson
1353,Wilson
1354,Wilson
1355,Wilson
1356,Wilson
1357,Wilson
1358,Wilson
1359,Wilson
1360,Wilson
1361,Wilson
1362,Wilson
1363,Wilson
1364,Wilson
1365,Wilson
1366,Wilson
1367,Wilson
1368,Wilson
1369,Wilson
1370,Wilson
1371,Wilson
1372,Wilson
1373,Wilson
1374,Wilson
1375,Wilson
1376,Wilson
1377,Wilson
1378,Wilson
1379,Wilson
1380,Wilson
1381,Wilson
1382,Wilson
1383,Wilson
1384,Wilson
1385,Wilson
1386,Wilson
1387,Wilson
1388,Wilson
1389,Wilson
1390,Wilson
1391,Wilson
1392,Wilson
1393,Wilson
1394,Wilson
1395,Wilson
1396,Wilson
1397,Wilson
1398,Wilson
1399,Wilson
1400,Wilson
1401,Wilson
1402,Wilson
1403,Wilson
1404,Wilson
1405,Wilson
1406,Wilson
1407,Wilson
1408,Wilson
1409,Wilson
1410,Wilson
1411,Wilson
1412,Wilson
1413,Wilson
1414,Wilson
1415,Wilson
1416,Wilson
1417,Wilson
1418,Wilson
1419,Wilson
1420,Wilson
1421,Wilson
1422,Wilson
1423,Wilson
1424,Wilson
1425,Wilson
1426,Wilson
1427,Wilson
1428,Wilson
1429,Wilson
1430,Wilson
1431,Wilson
1432,Wilson
1433,Wilson
1434,Wilson
1435,Wilson
1436,Wilson
1437,Wilson
1438,Wilson
1439,Wilson
1440,Wilson
1441,Wilson
1442,Wilson
1443,Wilson
1444,Wilson
1445,Wilson
1446,Wilson
1447,Wilson
1448,Wilson
1449,Wilson
1450,Wilson
1451,Wilson
1452,Wilson
1453,Wilson
1454,Wilson
1455,Wilson
1456,Wilson
1457,Wilson
1458,Wilson
1459,Wilson
1460,Wilson
1461,Wilson
1462,Wilson
1463,Wilson
1464,Wilson
1465,Wilson
1466,Wilson
1467,Wilson
1468,Wilson
1469,Wilson
1470,Wilson
1471,Wilson
1472,Wilson
1473,Wilson
1474,Wilson
1475,Wilson
1476,Wilson
1477,Wilson
1478,Wilson
1479,Wilson
1480,Wilson
1481,Wilson
1482,Wilson
1483,Wilson
1484,Wilson
1485,Wilson
1486,Wilson
1487,Wilson
1488,Wilson
1489,Wilson
1490,Wilson
1491,Wilson
1492,Wilson
1493,Wilson
1494,Wilson
1495,Wilson
1496,Wilson
1497,Wilson
1498,Wilson
1499,Wilson
