ID,Class
750,Wilson
751,Brown
752,Blankenship
753,Corn
754,Messick
755,Vision
756,Hayes
757,Kolln
758,Chachra
759,Brown
760,Morrison
761,Neal
762,Morrison
763,Chachra
764,Kolln
765,Robert
766,Chachra
767,Vision
768,Davisson
769,Mitchell
770,Cholette
771,Chachra
772,Auken
773,Neal
774,Calvinnme
775,Nigam
776,Cutey
777,Blankenship
778,Nigam
779,Chachra
780,Hayes
781,Chachra
782,McKee
783,Davisson
784,Shea
785,Brown
786,Chachra
787,Ashbacher
788,Auken
789,Chell
790,Wilson
791,Davisson
792,Agresti
793,Shea
794,CFH
795,Kolln
796,Brody
797,Calvinnme
798,Chell
799,Sherwin
800,Agresti
801,Corn
802,Calvinnme
803,Comdet
804,Auken
805,Chachra
806,Engineer
807,Chachra
808,Taylor
809,Koenig
810,Brown
811,Nigam
812,Riley
813,Wilson
814,Comdet
815,Brown
816,Messick
817,CFH
818,Calvinnme
819,Cholette
820,Chachra
821,Sherwin
822,Mark
823,Grove
824,Walters
825,Kolln
826,Chachra
827,Chachra
828,Engineer
829,Messick
830,Calvinnme
831,Chachra
832,Lawyeraau
833,Lee
834,Janson
835,Grove
836,Grove
837,Wilson
838,Calvinnme
839,Bukowsky
840,Kolln
841,Ashbacher
842,Lee
843,Walters
844,Chachra
845,Chachra
846,Chachra
847,Merritt
848,Chachra
849,Brody
850,Chandler
851,Wilson
852,Calvinnme
853,Wilson
854,Koenig
855,Ashbacher
856,Chandler
857,Lawyeraau
858,Nigam
859,Cutey
860,Nigam
861,Bukowsky
862,Morrison
863,Ashbacher
864,Brown
865,Chachra
866,Cutey
867,Brown
868,Peterson
869,Chachra
870,Grove
871,Koenig
872,Lawyeraau
873,Vision
874,Blankenship
875,Calvinnme
876,Walters
877,CFH
878,Cutey
879,Engineer
880,Wilson
881,Davisson
882,Peterson
883,Davisson
884,Wilson
885,Wilson
886,Chachra
887,Brown
888,Vision
889,Chachra
890,Morrison
891,Neal
892,Janson
893,Auken
894,Comdet
895,Chachra
896,Brody
897,Chachra
898,Chell
899,Blankenship
900,Chachra
901,Merritt
902,Taylor
903,Chachra
904,Brody
905,Chachra
906,CFH
907,Auken
908,Merritt
909,Brown
910,Davisson
911,Merritt
912,Mahlers2nd
913,Nigam
914,Chachra
915,Wilson
916,Wilson
917,Lee
918,Merritt
919,Vernon
920,Lawyeraau
921,Brody
922,Chachra
923,Davisson
924,Calvinnme
925,Walters
926,Taylor
927,CFH
928,Harp
929,Brown
930,Goonan
931,Chell
932,Cutey
933,Blankenship
934,Kolln
935,Vision
936,Davisson
937,Chell
938,Chell
939,Chell
940,Grove
941,Davisson
942,Walters
943,Shea
944,Chachra
945,Chachra
946,Chell
947,Calvinnme
948,Mahlers2nd
949,Taylor
950,Calvinnme
951,Vision
952,Chachra
953,Engineer
954,Blankenship
955,Mitchell
956,Engineer
957,Brody
958,Calvinnme
959,Morrison
960,Shea
961,Lee
962,Lee
963,Ashbacher
964,Davisson
965,Chachra
966,Merritt
967,Chachra
968,Sherwin
969,Neal
970,Neal
971,Auken
972,Bukowsky
973,Chachra
974,Power
975,Koenig
976,Wilson
977,Calvinnme
978,Johnson
979,Mitchell
980,Shea
981,Kolln
982,Neal
983,Taylor
984,Chachra
985,CFH
986,Cholette
987,Koenig
988,Calvinnme
989,Messick
990,Merritt
991,Mahlers2nd
992,Vernon
993,Corn
994,Kolln
995,Chachra
996,Brody
997,Riley
998,Wilson
999,Agresti
1000,Wilson
1001,Grove
1002,Taylor
1003,Chachra
1004,Blankenship
1005,Peterson
1006,Sherwin
1007,Morrison
1008,Walters
1009,Nigam
1010,Brown
1011,Robert
1012,Ashbacher
1013,Taylor
1014,Lawyeraau
1015,Neal
1016,Nigam
1017,Power
1018,Bukowsky
1019,Brown
1020,Wilson
1021,Mahlers2nd
1022,Calvinnme
1023,Chandler
1024,Vision
1025,Mitchell
1026,Mitchell
1027,Brown
1028,Harp
1029,Harp
1030,Peterson
1031,CFH
1032,Grove
1033,Mahlers2nd
1034,Nigam
1035,Brown
1036,Chachra
1037,Morrison
1038,Walters
1039,Brody
1040,Brody
1041,Chachra
1042,Kolln
1043,Chachra
1044,Engineer
1045,Brown
1046,Calvinnme
1047,Shea
1048,Messick
1049,Messick
1050,Cutey
1051,Chell
1052,Messick
1053,Kolln
1054,Sherwin
1055,Vision
1056,Brody
1057,Calvinnme
1058,Hayes
1059,Brody
1060,Messick
1061,Davisson
1062,Kolln
1063,Vernon
1064,Cutey
1065,Brown
1066,Agresti
1067,Brody
1068,CFH
1069,Mitchell
1070,Johnson
1071,Walters
1072,Calvinnme
1073,Lawyeraau
1074,Wilson
1075,Taylor
1076,Chell
1077,Power
1078,Chachra
1079,Calvinnme
1080,Davisson
1081,Harp
1082,Harp
1083,Chachra
1084,Lawyeraau
1085,Robert
1086,Mitchell
1087,Chandler
1088,CFH
1089,Cutey
1090,Merritt
1091,Davisson
1092,Johnson
1093,Chachra
1094,CFH
1095,Merritt
1096,Wilson
1097,Harp
1098,Corn
1099,Calvinnme
1100,Messick
1101,Chachra
1102,Chachra
1103,Chandler
1104,Hayes
1105,Koenig
1106,Mark
1107,Peterson
1108,Mark
1109,Auken
1110,Brown
1111,Brown
1112,Blankenship
1113,Brody
1114,Messick
1115,Kolln
1116,Neal
1117,Chachra
1118,Neal
1119,Kolln
1120,CFH
1121,Comdet
1122,Davisson
1123,Peterson
1124,Dent
1125,Vernon
1126,Riley
1127,Peterson
1128,Robert
1129,Lee
1130,Taylor
1131,Wilson
1132,Chachra
1133,Chachra
1134,Vision
1135,Calvinnme
1136,Messick
1137,Wilson
1138,Chachra
1139,Agresti
1140,Vision
1141,Davisson
1142,Brody
1143,Chachra
1144,Koenig
1145,Harp
1146,Mahlers2nd
1147,Calvinnme
1148,Lee
1149,Goonan
1150,Cutey
1151,Grove
1152,Blankenship
1153,Auken
1154,Mark
1155,Chachra
1156,Vernon
1157,Calvinnme
1158,Chachra
1159,Chachra
1160,Davisson
1161,Vernon
1162,Auken
1163,Johnson
1164,Chachra
1165,Brody
1166,Calvinnme
1167,Engineer
1168,Calvinnme
1169,Brown
1170,Vernon
1171,Neal
1172,Kolln
1173,Chachra
1174,Chachra
1175,Vision
1176,Chachra
1177,Shea
1178,Chachra
1179,Chachra
1180,Dent
1181,Vernon
1182,Mark
1183,Brown
1184,Janson
1185,Chachra
1186,Calvinnme
1187,Chachra
1188,Brody
1189,Kolln
1190,Chell
1191,Messick
1192,CFH
1193,Chachra
1194,Lee
1195,Merritt
1196,Wilson
1197,Comdet
1198,Chachra
1199,Davisson
1200,Chandler
1201,Merritt
1202,Calvinnme
1203,Brody
1204,Brown
1205,Calvinnme
1206,Riley
1207,Neal
1208,Comdet
1209,Blankenship
1210,Mark
1211,Wilson
1212,Chachra
1213,Riley
1214,Mahlers2nd
1215,Engineer
1216,Ashbacher
1217,Morrison
1218,Corn
1219,Johnson
1220,Lee
1221,Chell
1222,Johnson
1223,Vision
1224,Kolln
1225,Brown
1226,Grove
1227,Calvinnme
1228,Neal
1229,Brody
1230,Messick
1231,Blankenship
1232,Peterson
1233,Davisson
1234,Chachra
1235,McKee
1236,Chell
1237,Chachra
1238,Neal
1239,Davisson
1240,Power
1241,Bukowsky
1242,Walters
1243,Neal
1244,Blankenship
1245,Davisson
1246,Vision
1247,Johnson
1248,Calvinnme
1249,Mahlers2nd
1250,Calvinnme
1251,Morrison
1252,Brown
1253,Brody
1254,Brody
1255,Wilson
1256,Wilson
1257,Sherwin
1258,Nigam
1259,Vision
1260,Neal
1261,Calvinnme
1262,Nigam
1263,Harp
1264,Lovitt
1265,Walters
1266,Robert
1267,Cholette
1268,Brown
1269,Brody
1270,Dent
1271,Brown
1272,Robert
1273,Harp
1274,Morrison
1275,Agresti
1276,CFH
1277,Lee
1278,Davisson
1279,Riley
1280,Vision
1281,Hayes
1282,Brown
1283,Goonan
1284,Chachra
1285,Power
1286,Goonan
1287,Bukowsky
1288,Wilson
1289,Chachra
1290,Chachra
1291,Auken
1292,Dent
1293,Chachra
1294,Vernon
1295,Davisson
1296,Mark
1297,Power
1298,Chachra
1299,Robert
1300,Mahlers2nd
1301,Chachra
1302,Sherwin
1303,Calvinnme
1304,Lawyeraau
1305,Brody
1306,Lawyeraau
1307,Wilson
1308,Vernon
1309,Lee
1310,Chell
1311,Kolln
1312,Calvinnme
1313,Calvinnme
1314,Sherwin
1315,Vision
1316,Wilson
1317,Chachra
1318,Chachra
1319,Lee
1320,Taylor
1321,Chachra
1322,Vision
1323,Wilson
1324,Brown
1325,Chachra
1326,Morrison
1327,Morrison
1328,Brown
1329,Walters
1330,Brown
1331,Taylor
1332,Engineer
1333,Taylor
1334,Grove
1335,Calvinnme
1336,Nigam
1337,Chachra
1338,Kolln
1339,Kolln
1340,Wilson
1341,Brody
1342,Chachra
1343,Brody
1344,Harp
1345,Sherwin
1346,Riley
1347,Chachra
1348,Brody
1349,Chachra
1350,Robert
1351,Chachra
1352,Chell
1353,Vision
1354,Brody
1355,Dent
1356,Calvinnme
1357,Wilson
1358,Vernon
1359,Engineer
1360,Mitchell
1361,Lee
1362,Koenig
1363,Brody
1364,Chachra
1365,Harp
1366,Neal
1367,Chachra
1368,Chachra
1369,Janson
1370,Taylor
1371,Bukowsky
1372,Lee
1373,Blankenship
1374,Harp
1375,Grove
1376,Comdet
1377,Walters
1378,Auken
1379,Koenig
1380,Mitchell
1381,Neal
1382,Chachra
1383,Chachra
1384,Taylor
1385,Brody
1386,Nigam
1387,Chachra
1388,Brown
1389,Shea
1390,Taylor
1391,Hayes
1392,Calvinnme
1393,Messick
1394,Chachra
1395,Wilson
1396,Vernon
1397,Grove
1398,Chandler
1399,Morrison
1400,Johnson
1401,Robert
1402,Chachra
1403,Chachra
1404,Cutey
1405,Brown
1406,Wilson
1407,Auken
1408,Merritt
1409,Brody
1410,Mitchell
1411,Vision
1412,Goonan
1413,Bukowsky
1414,Chachra
1415,Chachra
1416,Mahlers2nd
1417,Goonan
1418,Blankenship
1419,Vernon
1420,Messick
1421,Hayes
1422,Lovitt
1423,Mark
1424,Engineer
1425,Cholette
1426,Dent
1427,Chachra
1428,Mahlers2nd
1429,Chachra
1430,Brody
1431,Walters
1432,Chachra
1433,Calvinnme
1434,Power
1435,Kolln
1436,Harp
1437,Power
1438,Morrison
1439,Calvinnme
1440,Merritt
1441,Ashbacher
1442,Calvinnme
1443,Chachra
1444,Mitchell
1445,Calvinnme
1446,Power
1447,Walters
1448,Sherwin
1449,Comdet
1450,Kolln
1451,Cutey
1452,Cholette
1453,Peterson
1454,Agresti
1455,Koenig
1456,CFH
1457,Engineer
1458,Nigam
1459,Wilson
1460,Chandler
1461,Auken
1462,Lawyeraau
1463,Kolln
1464,Mitchell
1465,Morrison
1466,Morrison
1467,Hayes
1468,Sherwin
1469,Davisson
1470,Chell
1471,Neal
1472,Vernon
1473,Blankenship
1474,Corn
1475,Merritt
1476,Messick
1477,Brown
1478,Peterson
1479,Chachra
1480,Davisson
1481,Goonan
1482,Lovitt
1483,Merritt
1484,Power
1485,Janson
1486,Shea
1487,Peterson
1488,Chandler
1489,Corn
1490,Engineer
1491,Morrison
1492,Chachra
1493,Wilson
1494,Chachra
1495,Janson
1496,Cutey
1497,Chachra
1498,Chachra
1499,Wilson
